,pos,dis
12,51.0,0.002158523962928908
7,23.0,0.002633114486246705
10,50.0,0.003575096717917293
1,67.0,0.0035983699477399097
8,100.0,0.004149224873779204
4,99.0,0.004647390769730377
3,78.0,0.004804623446198742
9,4.0,0.004856525397676337
13,17.0,0.005074015015611769
6,6.0,0.009842582466964978
11,99.0,0.016335226287676172
2,44.0,0.01936387540835386
5,82.0,0.022072536498824465
0,47.0,0.03207070536963302
